,0
0,faa5ff5973d5d78ffa9f9741409d5f8d2242f33e0789ec6db2885f593b26a552
1,26d36bd380645314f6df1402b8ad8ad18eb6896d3b04e4f60085eecd78f2ffbf
2,dc5a19eac0a02dce8a57f769ea779052e052943906e0376ba11b6fb9ea4ad41b
3,7d2dfab4eb7875687ed137598d84be84a5ddb437a798578f9261158d7f78aca7
4,0c7f712169047ede4c17fcce87875d53b4dffb4344f6ee132587d6833c782ed8
5,df01f9d6bb9d3092c133f73732b2f6a2dd74cef25fc030b91c0ddcc7ff0680f6
6,6298f1136331588a02f660c7d4e3636670e02fd52a0d3a4c377bc211a44ffb7e
7,06feb75ad3de003523d2bf2b428b9b0ca37611aed669dea2b0c1875f4c02b932
8,6216de0c02097f77e6b9ca59a8ec313ecdd461e93c3650d263cbe2d9abe04f21
9,8d46045714ee87371d77f8ee6e310bae69aa2c07b6d6fa30b28405946ba238fd
10,ee427d245138e82321f80fc1fb74023a1740de747e6bef308e3d75427e4212d0
11,84ec4441922571b4da10ddd60fa5c8e715ff174024fde087d77f1ed4dd7aaf8c
12,0f87528c133a8da929e65a44d47fa0de6ec548fdb13bed9fc76eff62802e7bec
13,2ac8c1cc08bc4b07a47260f8797ef76066bec27c8a904ff1a6420bcc839bc12f
14,39226469eb1f17f761c9f2cb417b7649a83f5eb7138a83bfc5e22dd1b7400379
15,3293d3c8f104c1141638aeb91a04953063a667c3899b56ee51880cbbbf1347ba
16,fed228a05a43e46849937be51ee646d6e97e6780cf7392a66a794243e7a55f64
17,c5f30589b43276fbd1016f1d1689219b7f22f33f175ef0d8bdca0e03e35865ea
18,b216482206d782a4aa7db642e6f93fe52853ca26802d5c016c8b1f8b0f667056
19,5bc8b2dccfa367742198b3ca89fcd690b307f7194798f9455473835a1818365c
20,f5afc1e0422175a93ad61cda99122a6b5e3287899557c1aa6c7d887b2d838c79
21,c2e8957ca24cba14390f01e61e4c2d31f41b3df9d78da8c6040a7d03269718ab
22,1d15727ccdc533eea57c9ae219870d9d7c83ebddcadb2db87a68247aeada012c
23,86ad53a7d545f5e4c1a3283fd9db9a90cf0e131baa60af935063351a1a19f77d
24,1a9a6a94548848c3a0f7fcd0a3e679951e6a85ac43b174908a377ddc00ab4546
25,e2c108be29befd439ce0a8e551e56ca6e68f7025b33ddda2081c9d2474824a93
26,9e1326f905f4122b656df31249b0a78571f6ede11baddc4cc48d62cfdebf5690
27,fcde547a14b604d3ca9e503f3c1eb4c95a218ce4da5889a7fc232f95baf64cff
28,25bf6a2ce9ccd4870d3dec47a0fc17c9fc4ff0fdb35353d308f7d0af7289b0de
29,7819418a9a409c997a9f1201e50aeca88b9800f268d466658cc17e9f5dac5a48
30,06b90c05da6b55351ad27c4ca9c78dbd0153c1549897aee44906f6f916d3e7a8
31,a4479b4a851778750ba716e10665e22104c8e3f042c66d00eb8279328dc89027
32,4d7e7114d2fc4aaa461730a3af0198af5c1e6b2624210d04ac7ce967389c64b5
33,b9860600f5c6f6dc58e7381789b6c8f601b6e9abf1c44e327b074b72d74c6e21
34,2e62df391fc3a6abbbcd7bb686cd00502bc640449b27bb794377a03952626f60
35,cb8b6a1034fb3e7f27c765a024f03c972e3e7c12216ad43d990187df32160431
36,a5b99b22eca17b701e1b0a2d82f326c821e267b0f381d1bfe4a4c56afe0fe776
37,3dbf3ee3b1aa8d1abdd6cecf0c015417377f147115a69833b0cea9e7e6b0652d
38,a4e35ce31395b6b54fdf6dfb846e94092a6db3efd1456ab61b6b2ab6b7dd07fe
39,79c90c86fdff8041dd89aa38f6e9e7367b9106fa33848f8442382c94b2448914
40,d56ddabc2226f2c08570f2d617fd9a5ddc0f1036c6731e75f63af19cc33d9407
41,957efa7efaa815444c627298ad3f787ae212d5ba4547bf99105aa8ab302563c2
42,95abfd5437bd7f7789e46bd11d56116239c2257bbe4f614f2ac9cb3c5163338c
43,3d2b556aeb59a832c41866de839d125e7c17a3b9956f254266ca4cb3c7144210
44,280c4d1637d8f918196ce0b32dd5c26cf0113f7f44e24296f428e1243b965068
45,07bb6ef16f5d9d8229a3fe9bd42a989a3b9ac5f8a4cdad206a2a8dbc1f3ab62b
46,09ff4f1ea09151a88f1321263a58970388678d0d2d37717555242e8bab0942f8
47,139b2ec82eb83b851bb4d9341e5caaf5688a6b712e868ae0de6f198b1dfceee3
48,b5050ff5595e28e395495e89e1b5a3b9c47aaa344dd822d2a311dc554c0f3a56
49,b55cda956ba4f8441a4e400732a7fb6f075363457bd41acc29cca60c746b3f2b
50,c8501a6543665598b3db333eb3dbe3c873a5abd972647f3147bb5c94eca61fec
51,18cc00b209381dcac297a720b61bcf45e6d0be4307acd9fec46650d317a3c6d5
52,38d4188ac8957dfb77bd68f80ca8ffe9b11ea1555f8666019d3b3edaddd3803c
53,62b8118a95d829b5139c6b5f3300b67fe55587e626381ba31fd1dd3ec6bf4923
54,e4db7b032840d68c03d1a05ca279151934df0fb34f28d2b08513bf5170ce578b
55,ff111c69fc5a063f9d212354d0fbf3f56c8b5b69264d76b6c9eb51946be6963e
56,c26c5630aa8114a4781f95c68faeee7b964905a620cc3c16a637d568c14a498c
57,886f7ea0e92254f5944b663f87c0836d93bbabefb95c3430be13c7a7331a24f5
58,d3ee6c3312ddf7be9dfa66f658007cd553165590baa01c357b7aa3f70300f3f3
59,dcb2a0a44de60c56ab353664734b68b20406d6da369855e303f6258a773dce26
60,6e1f9c70c016796a22c26f6927cddb9cfc47a42c363c9b6311238c06dbd488c0
61,77cb1bdcbfd606c4fffe43c14b15ae0da4e46dfc6768fec181f216a0c775098c
62,aa2d3a670bc76a2c3cfa51ccd51e7b1b60b67ce2759c6e9120fc3c25cb71f9bf
63,8142e35734978dcec9aba9ff04e2cd3a5c3dd5d1a97b1a1b09e27184b37f4c9d
64,83e12807d5812c3ac569b1412f14e6ffeddd9875bdceb3c8d40718ef5c9ebdbe
65,2c536550984042364e67c5d2e24dc4be9bb3de8c37a0933a98514e4f833193df
66,65e5d716559860498517a0f8ab7bbcb30e0aee4edd320ab0ab350116b5123b21
67,6503f335021ada1ae3d7ac638478ad865636931f21e4c3ea656e15d54cb8edb7
68,f01020095b314a5f426bfb747f048bcb0c22d3b784eb1139a554eee4cdbc17c1
69,53690f430014812ab5f35dd7c5459f1025a4689f87cb401b7c63a29c3e71328d
70,fa5e2ff8466344564e8e7538449c486efc1a94a85ba64a6d4459652991ccedb3
71,5c76ff8f8909d41333961be348b10508cd6749a14e578bcad02b3ba5dbcc1423
72,54e4b8f5cfe4c81093d48b6917f9b8be87e658e5ee6379823d8e7790ac4ac44c
73,1cdf7e5db6646c4b60a29766130c07ba0655edc463123b83971b0791a0dc513e
74,800ab2737568bff13a92f7a3b552d175d66a1fbc81e9b87aa89ebeb79f07db54
75,c03af26623a3f28a633358533e2ee6503ab383f0f5e093d8a8553b1a38656802
76,3889d361d33d9570f440c306fa3ed6633cec66a38c78a8288555912203042dbf
77,ff2baaa8b68ce97998fdb63dd93d57ddb4985c750fbc34aaeef1975e79cf3775
78,406b8c952aaecf789c4ae7f8147b41b663a458308d6e3571432ea6afea7cd7ff
79,c7330ab775f03a08b06c23fb7757f8ad34a8f04791b86d47264b112c733ad71c
80,8b8c483819749457323201d1160ed0200f9566cb360e0bf4038ac344db0d999d
81,5a3dcd1c4cc640dab540f577b8b3390db260b14341552658cae0b5343038c9c9
82,28b7ab6864ceeb64002e8ab8b641b34adf487bb73d57f4b16459035807da909d
83,c13b4730d104baff9cc3f351048018f5495f438f4f1ee7d4d70e6d130c528e1a
84,ffef1ceea6a15f08d78db9c03591c74aa87b5dcf8762e3d0f554f7491d6f4714
85,1fd374699e29c8dca7ca6e1aac3c415330cc3dd0b9f9772c8d6003a384032fb5
86,0357feb549e3ad74b0356d6dc6f786e105a00552e3e4a7e805ef86050a0b23c8
87,cd9cf05ae2f9896dd281d1825ce3b1c4575ed35191f82dab2cd8f18b8faea48a
88,a4e6006d0204ed5751c949c8858659ab7f18f87abc15bfa98c886f69d9fb72ad
89,727805504217643b3baa48bcfc4dc3d889f02aac34b8360e1adcf8aa0b74a53a
90,84b1ece94f4f2cfc50b68e9559f83972591bd7113c47c6dead5ffb3bdb08b33f
91,f1dafefb16cdfd53f5b3d82ed64114a9df5ed79f725e81d6a0e9ab1f516c7b56
92,6e28fec7ab0eb51a70f5e6ceeaac7afaaa1ffa34dd7bfb3bc1de848246c713f8
93,2a2c8c7635c037cb70e388667cf7fbb80e50a32823b09110f2397f0e3972978f
94,12c4c24264ee54ae9fbe490dd583dd9c17b0cc2751ec71cbbeb6577e9f4716c8
95,ffc0bf178a89b1166224a64da2565bbb05ae2f3712a0c6e698d77e3239ca246f
96,cb120fe148e6f8482f420fe0011198ba6be0e3f1d2a7abe88b0f7834de131117
97,5b97fa221f6deff15ed6c3483f4e3c327392f95cd9a904f5968322d7da44b315
98,ca1c224bc98b8c4fe66671cdf81eb9ee56eef0f080c21ab08200cea969114a02
99,980809ca5388cb1cf303f142a8379842f4f8df455d3753b3838c43806bbfb382
100,d3ca7037e9eef12e63d7e6fcc302784f17fe6ae43572e5af1c3bf2d7df0763eb
101,c67dea3f5b2b84e3406377c50d9e810bbe6a63e26ca34ebf2e305bbc7acdb4af
102,696ee1f23125aa6fa988af685828b1a27360367eecc739f438199ba0f4da7194
103,11f31c6e5c70ef6c9866be6e714128751adc33ab50ea31ee37a19b876c37dabd
104,35fe9b8215c7fa663aedfd5eac304cb3c450c31161f549d9f61132752a7b8210
105,3256814560f4a3b32f158da0147dc0698f371a21a9b8955c313d827a195b517f
106,1eee8e852686b3fbd9470aed11d3956c649c3c7646bba238252abc8936d4fe9d
107,59683a108f5984770b291def161360c05245334294eee7e0daf64a4a7b83304c
108,0963d474ec63ccf6f0012dfd3e3c0e62fb56bc856d2811c861d1f3dfb81932c7
109,2c45688bdba9d1f6f3965e171374db3da8ddedaf762f07616eaad0b2c5b24e97
110,7572fc12a4f2a0aeccfb7f1101cce7f39635779490c1499c58fc9cdd1dc90029
111,46fc67ad7e9a5b0e89359a8c33cb9cda7c2881cbf6ed569fc54dbce851672d9e
112,a5a509ae659eea3e2f4d6b8dad061f3670af477b4c15c6f5a0f71d3f1394e094
113,03d8e182d506bdda2eb25fac054ed4cace71582ea9eb46d6ab4fea397e45f93c
114,445c5a2c9f82767808f4f55f9a4239e19b4542cfcbb813bba2b47bcc40543d17
115,02566c4468be3d32f6363ad418c01f44240b83ea9dd5383000e8c170bb905947
116,2bd5e7a1c77473b9b5ba88065b470feb137f750c4c999dd31abc013d5474a236
117,5503ce6452bf327318cff3df224f2f5d9c4ea31ccca872ea3e4cf4a3aa2c4640
118,e66e45d345acb068343d250c453f3470b9183442a26dd0460488bcaf242314ee
119,c7bfbbd4ea2f4b7709d8530066e83abd109c15187aa2a5cafeb6d1af4f11d845
120,27fdcd1f9b9429be2c0c1f0c289c454d0a2e615cfc41b36559c81ca4374b5bc5
121,787edd2ebd0a6c73660a9e2a641c0c2831606ddce4ed581b6511e1dc8504d473
122,232800fbb4f102e9c440439c028eafa19efb9fcfbd932008bdd9ba0d3e1ef52c
123,f06b1ff1fdaa4479ad344e14c0a7d8767d835f8b2de432ea6ae771619655366d
124,d37137d403691e00463ebb2babbefd2e848a5196fd614dfa01778ed56ade33c2
125,c2896aa557bb021d1dc1b21baa29973c5c77153d934d3efa2b602835fff08f31
126,292d5276ef12a2bb345f6b2d174d9d76142202902a9c1e15aa286661b7635020
127,d4f0db0d1f16de496b34ff71687857a75201be83178d26a5d7c123eeb3c8b1fb
128,4f02ac7a30853a07850adcda60683f1e9a8133b1db34c702cef81ffcaecbf3c0
129,81125d0be880e214382adf8991a4771a177607fe1a97477240ff570e976ea7cc
130,b03b2fceb012d56a2d45bb3c359627e2b7fb29c171af941570cee9f6c85b6f9e
131,7db4e0d0ff5315725f1c8429b6b76572f891946b9b29bef8bd4a1980caeeb45a
132,b1234b51a623d3b5b8e9102e50e479b646da504ffa016262bd25361faf8d5083
133,14670038de320b654545c4bb2f60e986abd06c0eae40bfeba4703701c1eee2fc
134,7a1545f99e57f1dfb8052e4f5028db2da4bd8f9d1fa15db76d4712f3bcf7c71c
135,c44b8a1f5db249aa5871d99242776cec32d653ccecd069ce7acd7811619062dd
136,c72d2dd6c928977efdf006f694948c2dfadd6fbfc41e58c4fe59de2e7886d4cb
137,93b00cc3fb63ab60c45db33f8c71d9b4e02416f37825d3727e45635262127a24
138,e84b07f46060c0024664fa1fc05c9eb47fb46bcfa76b7a3d7eebef53dd711ed8
139,e684db8896dadf7eba99f39cb8130311ab1d131b4ee8937544239883f01daf2b
140,d49e581279686d2f049ee2cb5a839cff03164d6b00ee2e0a6e8b1217c49c445b
141,68c94f08cfa0deaea322fd4bb036e7a078d682bd4484db73d68d768d4be71450
142,505f3e1d56998ae5196b7415d89a6b66206060ad658467f87d43581432159bdd
143,f405374de27933c3d8ffd9aec01676311bd922d70ddb5bd8edcb30f9d477635a
144,40b4a585b2707ac87d9f28ac9510ccf7ba273aa5d751edcd7ffb54a4053f30bf
145,d82db5d4d353ca069bf15c52acf7b521c9d0965092036c830b9e7220f51a207c
146,12f5448dc997f7a753b261f7b488bb7498d97c87ee81a3c918b6e92671099849
147,fdd0754b25934e9ca14f37a12f388c1874acf87ed9c6d2deca441634b8896b16
148,abf81a8284400d0b6e3c64e1504f5faf80c0c690c342118337c42823c017451d
149,d59dd36fd2d1d5e07667bf0f4b66dae44dcb6e30154505f7fb80c2141f47b480
150,2de91b2699a3702ac7f2413f3c76c430cca7faa35c46fc2c2badee0f9b18f2fd
151,fbbefeb0a7a4e700a0ef740beaa92793e0e18174f8e4670febb98dc82f29264c
152,ec5e7350127d2c6aee4e77841e874481c61c33fac42cea44b624c9e361437060
153,fb98a3a77aba1bf223cf162c9562f72e21746099ae0272c21ffbed39e4107ec4
154,6accd84f59aad207f7cdfe2ba416a6062fd3f316647dd4c927394c1beab89b8a
155,8fe08b27dddbb5d2962144c9934cab650096e493bc48d53b0dd5609b42a73748
156,c8bce6016b3e1f2072844da0a5e62bb140043af83c00d85de382aaa52c6cc85b
157,1c4b7763b503a4236998090d2228ab8e29564a7aba55d83375a3fdf4a3bddae3
158,f23d9836d121a0270107c7abc0d356ddee20b55fe4cbe2479f88b912598848d1
159,ba276dc497fb363273d99cb438d2fc1d99fa07f2c8cc6bf85869ab4b5df314b4
160,2213869e5f030f981b6ea311540c691b9060753314cbbf74239dceaa0ee3e9b3
161,14db1eb4415d530105c15d375b4402c34a1f3c61112b78186da9a5b625195a50
162,ed1662d7f21d8fa0e0239d43918193a80e21d357f9bcc6a7d1122a3f373d69ef
163,a60ee388fe2577033d85730f63811fc55d058f03abfeb73846d43eefbab7c5ff
164,74ca439b09486c7ebb7eb7f09cc566544172c6479cbbf6b5c93f7c748e213b53
165,0b6a5a08328971437f751511bab4bfc4c7a1c61aa69e1ad5350aa92f58a219d9
166,f653418a81cdd9daecc6241ef348f5784cc41bd02eaa951c513cccce9fb65ab4
167,be3eee3b86453470f52ef051b7b33fe50a8935ccbf5e3f1c74539e96294e6248
168,96df68d73afb1707de88fe2fc05dd93bbfa9aa175610ed7ede860d08d94748b5
169,0983857a345c9ac3a24b4b33210cf5dfd0296aaf6dde4cc7f660181b0f8e28a4
170,8b8afe4eae2184d8da9122ac58e9e44a5af10e755fa4615e98ff099667006e2c
171,9e3bd1ae4ecf6b76767209ec341cf7841ee18530da4703e64097c1a15269246b
172,bfd90db42873cf1d87c9036e244cd7ac0c8f5814aee701f5571a8fced9aedc6a
173,1880bb1adf6d75e4f3573f35fd6712406cf265788142da0e64bbc401f70d1749
174,e4c7ce19af40a2fd11b62e49ebeff7fa757b5b4bef26cc8e91fe2889c171d938
175,34c10968fd6f6fb62ab8c65689563ddb5851a981d4fd465020cc7d9ec3c02b17
176,32405d11549b800e3206f653b05861a9c6b86b7a512d43c01a9019fef8fb3d40
177,caf8aeaef698937290e3df55255fb3f0cf42b6572309afca20206a14e33f1711
178,268c05eeac9bf0a0dd79bed005d84d1b00a996dca4b8dcb5e69c4c6a790b5fa4
179,bbd8ac1cbcc73f07b7868f72bc668a3c8a6c5d7dd0b1da006d2ea106a7720d5b
180,916bea6e45764f902f468aaf63f2d3cf15b09d8ac9ac0363281728d8ba0b4237
181,6acd6e716ebb0f066ba375c2a684802d1071658ed4f98f274f59e33500785e61
182,43b51a20670de8793898a85906f64b515860ed18c7b5a8166834f43cd8ed9378
183,3d7bae2b0e703010cea9c96cceab034d4d794a55213ba284a24674e38bf02817
184,79a35f9ff854da367dba0748f4b71da212eb242192bdb39728188ca192b699eb
185,55157607e2c8451c63ffd03fd1c8176299adc99a6be94a7f841c66da455196e8
186,4a7141ad8763c385f422ae2fda266236da2c94c33856b8660964f26a2a93139b
187,e4a5bbb6c49c367a33c5977ac16afe82d5ba4fcc6b29f13ca34e93b74186d0c8
188,38c1d5d3c8d1e4e1d76ac8339ae6cfd53ae2e5f66656a1606324cdb4f0e1316e
189,5d6aac986c917f791a8178b6ed47d4e061f196b2c641aa711460b54b78a71915
190,8f51bdf44c3a538bd0647d5034694cc7ea24f96c45ff87815d3394f1342264f3
191,6b18567e0230e6093c247d94035c5c250d5cc256b333eab3ed0a2b0484a3f836
192,3f4901fa6b16a838cd1f9e866737db154cc927234b8db4bc2743e352cfede142
193,67ecde2bd0323188f347de0d1181d9d7e6381968ed0925133321f94a0756e9ee
194,6da0402ad85f1aba6916c47ab5170e21b6d62614c1bc680db25295ceb8231d63
195,02dad499f11c5b54011fe2a134eaf63ccad7d724790e97d2a81bc08d427c5ae3
196,16dd7371df4ea99046028060bbfa0c894fc86f36ef44bb9901183b3e0d939caa
197,a623819334898e179a1179995a029361e13f413d2196a26944967160b6b93fd3
198,80e6efc84157fb1e0b07c094b591b048ee0fe232ae20a20a86df8ea3b70917ff
199,7baa6815ab94775b5a4ee16af2b4032930655d18957633376bed5fe122dd952b
200,45b4d6e202e50645b90c97aee4bfd33a17b09589fd198293f004dac43e93a204
201,e11b4ca41aaa53d7fa921ab98949f6158642b0e02c06095de53e8d388f972f93
202,d34390a69e965218f01059dbd9e56bd51d96462a93053ef509f47b53cf7853a1
203,d86e3a64919f11dcebd56306bf6b84cfb56103c026219cb1f3ae6f9227394ec6
204,02bc2e518868c91b059dae25fe38ab552ffbcbea75a645cfbce16750b46fa2e7
205,20df3c9966d64436b253f41e28e7d84ce589b08948564e507022664401fe5cd0
206,edf11c9d066aed2e9de84bd9ff9666c97809c52cc968a48faceec6a0b9201e0a
207,0c69d365e2e2c58c5659794b6c0cf990f256f9cfb8d30c01885f25e8cd4092a7
208,65417034a6529ed67246e9dc98add32f539c0c512ae820e66095c78e06046d8a
209,6f09d1f9e53fe951e222f9a1f7256e2130958a24ff708ca568ab0f78ce1e24d6
210,6ff181468c9d09481096e3fa4057b97f6d465b6a5b2d61a0a0377e39405834ab
211,93596c79af4aa24fa31d3a4ee66187f74a9c382bc8dd859dc953b653227fa724
212,d98802ddd2babd2dfccfb68f2f960092c06df88d4ed2e59778b01084a4d32a5b
213,f04d78fd8542412d162be59e01d1390f22f84318a5a7a581a56eecbed805a141
214,d0ec3aaaa4e2a0a779da78c938375760e5023a13284dc133af9ef553badc871e
215,ee3ab8750df36d0f293db5411f24d897261743621c0207d4a46c7f2bf0ff630a
216,aea111b14978c9bcc734770faf384b12ca8434ae3db7710972ced611159eca4b
217,7d6dd03ade98d45957704105ba1f02733bdc2f1dc397d5eb6d44184f5aaee926
218,8746bd173da5a24a9dab477b9aa75f2cb723637e2a3ba465a13ebdd53272c4a7
219,5089d8ae9848f324205f97192ab9af450fa6e5d8fe12074fa79a0f04598e7bb3
220,0c82819a3e1828fb8c65cc87e45566a7184c1cb56e1ebc2fc5c61ab14e9e9d4c
221,1664cd0b16a5de474f80c95bc915c8fde40a6e9672e96e04d7fc006fd9996c97
222,27d9d605829e26364bbc50803a3674ad5d35e70c4339cbdc0257c97af77a2430
223,218b0f426b0d518314de3a8f70cad54d9dde9b5d606540add2f1648bec0e69d1
224,27ab44d55e57082b2b742bfdfda33c9a97890f227147d0974a87fd340c8f90f0
225,4868719bd7a337cd14c22d03967cceed22b3f9b746eeb7291b7d8585591f6e01
226,649d0536703041982f5301b4b60412176ab306044e767e445419ffe1e4624925
227,9c98256cd4798d1970baadea9ed2ec29897cf3f188e2a24afa6acbef25f02468
228,6851b47877f511dd81a281268da26992523e6690d16448b21fa3df75e9f43c17
229,aff5a6ae8c530da3baa43034d7b000d6c3ac1152a7164f5be5970d036949f8e2
230,2d652daba5949675f63d86b67d3f36db0ca7ba6bf8be33541a1976d05de57ae7
231,a8c0e69594aed1afb842b86283245fab5b5325b9565e5dbf1a34b3c1990b12f9
232,7ddcbd66ce6ef7758efc9108fbd5e60e67beb2aa30e8ed1e71c6a0f7b6807b19
233,792584ad3c7d23d00b7f74640cb0b455858ed4ecd30cfe56824db04a3debf378
234,53a53619852e875e3036654233bfdaead6538d512c67bc0c91d0ebdf9983ba5a
235,0b1c8d5da4cf069001205536aac15f1f831761881cc422e5648c67dc6dfc7c59
236,513f04f3b704c81c27f598dc4b442b2a7ce6452fc4b179f2cbce8e964ba8cdba
237,9f23cdbf653bc9c1b613d170e9fcac5dc151840dac48937fabdabd734d2911d4
238,91dfa81baa9d4b85d907fd2d2b1066207bd18b348bca7a0a07385c0eb9991f65
239,dae63fc1fcab0897f1a536eb9b334873e946956d6f73522f3de84e8174129e78
240,f4f8428e75f3ead79305112c4dcf523e69aa64bc8920331a05341ff527172fd5
241,fc98095e70152f4dc76b2efde2cc563efa7e180a1feb4ef0921f6c1feca46045
242,73ceaee388f969c2481198b38d2b34fd432265b24ee02f4fb15dd22d9e6545bc
243,30fe73e0833917fe63aee10c672e8f5b5ca5d2b8494b4eacf2f79d8547fddee5
244,8fde0cbd7d84c7ddf1dd4ef1ffd11112a43776e321d81668968521cf43d157a5
245,6df519377b3e8f0cc12bb6385450373e93dbd67e2b4c10aaf4215a1b0624bcb3
246,0863c9b7ec6b04a9a71b1b6e2ddb03f4ed54f2b089ddc9fa7745a66940b47579
247,f5a733fb9a805c0db5e6cc44e2848cf2f5f750224b894043cb1141604829aeeb
248,50c8c76cf0c2d2847492bfb0fe15c245c8ac137ed4560388fe6c5f3c9673de4d
249,bfcb66e68d6d21f2569b5781d25f44a7630893266f0678e00c0933c9e7eec26d
250,55377bef828f33efb11e6b6e2c4bcb66fc74df9d56f7e0065689eb0f2224181b
251,d6d64d610529b7943d1c64021202f110f81c94f833889ee8671791d921060dac
252,be751e66d7e02e45b022b1c79c2aecb5f5ca25b102d215f960153da139e41699
253,61c895fb2252d1d810ee35379c2dbc42478580c9ce5d58dba14b5df7c0414512
254,3c6cc794b94f56d9a4021a24eb440842abe75dad17290fa96c9de0b642da9e0c
255,8562cb1fe444e137975640caebf9abe4548cb88bf681ae6146f5a3b8469607d8
256,e6b658ee303d557cc0bcba616b0f590912a1e02176093f7f63651c91d9be3efa
257,792670cd2fe7e29bdcfe65524e0283a372015bcea2a84abb9dfdb9e41877622a
258,3cc4c86a12162efe472c13d9bc3646f36813f510dbfbce064993e82d8562fa4f
259,e01fe70ffb8253a948deb3093cfbcb4a04f57adf0f9b175347b1e7cc520d0b26
260,5f4a02b27380bff5bf0fabd9c5c828cf2bb0ff515313a5313f61db1bbcc299e2
261,dac45a38a478b3d4c39da884b027d3aa655af4a76be29fa3c94943541b451a1f
262,390187cb0321c6216c79d375453d7b05ef59f87a670d60cb8970a58bfc849862
263,780e914a470f3ea4ac663ecc28e9ea8335217245b12cdcbbe3c4bc832e26b411
264,c8c05e77b15e12b712ca586db345df979f7660b2eee03bcff89d2dcb0342bedf
265,0178f62661e92decfc63cff9712242464b9710854e0a6b7796d89da8062a15e8
266,d3489291fc482ee97314c97159c7583eef7adf08658555df3b1cdde338044d3a
267,681868228267fde3d4833c3b02376dffe6148e4a95894af114642be888ee5cac
268,7f2dda86bd74a4ed74e4bae01a4006f7d739ef295ffffef2f61de62f4d49fb22
269,8a8e59eb229be2b1c8892649953f8fa5c89f90fb95a5e047c7f99b46d60d2912
270,f9fa9cd7fd0fe943b6e67ab6d67fe914cf7afdff5267bb8f91e566513829a495
271,1225f83e1c6230a5476519ab42575d94dd87d520b14ff1f5e3e369765edf578b
272,9be79e4d1d1a1af5b8861d20f1504f89a9cc8c7abe808d6c8c552f67431ecf61
273,8053ff8d681ba9c60399a0eba3b76b1d5c72dbb42a8ddee21f208744b7f82499
274,16ec7ed71287282a52d6712e2a54923944981ec062618b5c7048cf601d8c9bd2
275,3531cdd5bd10ddeb404cf000b10aa004760831cb3643c46facfefaee6b66a7c7
276,ee58e4725f26f08d3de551c260695decd9b17d6fc6229dc6216ea611c949689e
277,a1999c0a8c1fedb3ba5236146e57eaf597280e0df34475bf59c841d4d8a3f10f
278,590e4df3cc550eb753af37b0805035a678c800d2c64cb9f70d655e13e1c587c4
279,fc89cb138583f7e8bb0934044deec3eff3ef9587d051fc0c4d50e92babdf5977
280,5bcac41e97c50f37a967365bfd1a272c59d11d96b3c7eedd54043716b0df4067
281,eb5fc05fdbac9ccd7a6d5e87cdde9320a0686566fe62f8115aa509fd25f72f3b
282,e04d5e65f8e3ea455efc7a4036b0b2bf1bb1f3035411859cb7a31b1f6cafba98
283,2139fcb0d486676f465ad90222719f2eebc6ed3b52c84ce80101f81c176edc6c
284,d1e9ec7a9b81b4a485eaa80bc1e24254c85df49d621ef29a9cba12b2ca972173
285,74661ab5bf7f7417b408f2c1127be9f129a1363fef823d6e1bf188a58b167aea
286,3e5cf4359140f1c9d617445f92b38160c29af96c31abd5ca78f0991909b4f92b
287,92875c0732653bd0c13567c0cca3ade3ccc351f8e3c6a9ea970b6f174964ea61
288,60df84849f8fba5345504d4ffafab5f05f0ce1636a7e66fdcca6c1a617cceb87
289,51bc7b7e33873d60d1ae3e83ae85aea17c27ccfc21da55686cd640af63b93279
290,2924403fe3b2ba7633bc204c3f1594fd39356ac8f5bb1c0b6726ee689f33f096
291,d922998b0af91e86aefefbf094ae15d6a9a524aceb668b4f618cc374862f3a40
292,817ab22542ab6c9a2c86edcc8ea38421cb2a84a01fe410bd0424d57c26172b9e
293,c38e9f32e55ed7fcbd3a6982268b9914a0c50a1160a12c3cea880bb5ccb079b2
294,ed9d458b53a7bb323b386fc3379d6248816ea14af5a03cfa973861ede2684495
295,a08d39236b3192cbf5322a8073ac56bc7d746db2dd238f05d39926c396d09031
296,6d957b0fb7cdfc0e3869a72e82bd5a107d2bac4990e511e8785139d1196ff307
297,1dcf52a21f4bd02de2e73525108a2d1f672fae3605d0954c8f7301122e5edeb1
298,9100f2a06fc21f90209737655f4bf83514482b8ef75685b6a78b8b52d6f00d44
299,10a140e10d41fc62dc3f48dd40065e2812673926c054b3231ff7fad21a582827
300,a2eb28334d42b8774774c623263f303bc66a29f15dfe0b319d4b0a513c4b1e20
301,d2137cb0c7b806bd8007ceff3db8cb1fcf823e9d967408f528e9242da1777d7b
302,7ad05095423e5d426b8f41f300edef53e9303199152c09e9a413c7deff568c72
303,4b045b005ad3255ee46a6ae588595727d1c0ebad60808cb7f2298dd742060548
304,b8b7ab6c64f87c96fff6533953ae304669208a2fb08d5152d2bfe53209cd4d24
305,92f0fca9a60fe52418a828dfc37ef12a1c0cd299fb28a62aa7489f8e311972e9
306,29cf2477c1733b47b88d06886c6706dcbd6dac4de0906afdd1ac40a3779f6b64
307,6226aaa8e02d9d6db7623e23bb93961edca2a345b539516c030ece7a561babc2
308,6a6f068a5ce0e005ddcdd8126b22aca79363dd781a72f5dd8967e223cb154bce
309,f9d3d324c5c90f3fb3df7701787475c2dea84910b56ff5dc63bd91dcbca45f7e
310,666cc2ca176db6736a41a13407b300340add4960f7ace881877da69613b814d8
311,a27ab539b064db89bb3ecf20a1bac934a9383cf99bf7c55278cb08f0bd3ac3cd
312,36887179e87a7317319057fe3e1283de40094d0cbb9016a02276e8cf0531d0dd
313,ef7896d0710740cc591b8a16395cc0cafd9c55b269b95fa00ce03090d91b85eb
314,7c2555c9d569fd722976eae7046769dc5851bca8bac1dd1770d9523db1d42b87
315,49a52d14c66262abcf732b3a20320fe96c66a3bde10987646cd82eb41f28f2dd
316,edcfaae88167e3efd3a8e6a94ab38820b9b2d68405dca150c49dc63310c3dbc5
317,b8dc3177114cc116b3190c2afc9e736e80e50c5c7f206f35beb18d0fe60494f0
318,09bfd70dcb2837e3f1e4497251a538bd00d2638ca2cace26423dcfcb5c558df3
319,58b1393b6c766356ee4f35cebe981d399c51f239d0b869b89877b495a0aad859
320,10df1cbfe61f55e621f89546bd735a3b997c7fa46c8c6fc94ebf39a550294c86
321,3428fdf2e31644e5492217bbc821348a10a1bd7771432ff6ec0d5d674486c8f9
322,ceb4eb754c72c40e29da23cdf810083ad4b2629adf6e76942f8617a6c61dfde3
323,65178fb7a38a012c037a4f307e3a06ce79c83f17ef36652ed88eaad6dc924ead
324,3f299e0cf42ac9ec61a4ead9fa71b561b3b215e115aa39fe6766494ea6f4e012
325,acb382177a6b83581515193e3b06c9efb867905cf894c24321ca969ed81fc839
326,42a2b8f9573eb4ec443e4833c68d62ff3681bc7bff9cedf310dcf1902cdc8eb4
327,359779614d5dc5b56285513bd454cff47a79c85a95b8dfea87b1e52e2ab479e2
328,6a402bef8bb335d451de705224dd21fc74e0b1b02c35242683d39fca0b749e86
329,0526029b0bc3942a50a7f4a4941d845151fc7c4d37693d340d3bc8ee1b0f8944
330,d08bff09d3a6b361f2024ed08342e9b45367b787ef8b39171e87fa1646b2b743
331,daca3ba121d9a1e9b3bf7fd5733b17387cc32ef92b4e016e94ef42843bec8047
332,bc6473f0b692fb01bd710499a68c549ffed366c1ed4586f8dbd38dfeb1800e75
333,efaaa6521c6101263d60db9782bb706fd171540e9e1923cfba50d48f7d2f5993
334,30736ad3f6bbe45a3f3ea51db3640e16a6c843be94d130015f28d20197cda4e7
335,d85a1d15ea03ec315eed8cacbac393bc7641fe9caf09a2939e6f653546facf1d
336,a94807689f443c1463addfddb0bb778c3f1b7dffaef9ad9ecaef0bf934cd94c5
337,86863c24d3a2ad2de34b855c264d7ce05417ba5b7cadabbc5263b5eebbc8c06e
338,743f971c72e62a4a15295fb174dbb8245276e0e3b42d3e064a8e68d07c675cd0
339,d1d50029c5ebea6068bea543d01a6ef2bfec92594272806a5444004097dea2ef
340,33d089dcf43bb9e5302f46f7968bd94a640ed840f66e95db9aa82ac5c7e2bcd3
341,dcd819f89cc7a7a628de9f9623e513672ba12a3aa2b382f581cd697c4bd82a06
342,2102923deabbc19ad7258e0a2269fe44f2fef437fe95a890e327f8b5d4a11bc3
343,b4af7dd2474c3f09ada0b32c8929ae339fd0d0dd7c25da33c04fb681266de07d
344,21eb417b1b30ea8e73f34a5e3e9bd16813f2c79a5cbbf4b147d30ccd7fcf5083
345,65bc5f5e82c705a0f58769caf7e43055243b5a8f9f9ccfc478ef97019f154137
346,a7f2a12fde0415afdd7d7a1db477852574bd189f38efc0d3011769e54579e2df
347,8f346269ecc42decade0dd0a88e7c0d734c37626057db123a9f27c9feb6aa3fa
348,50085417571d3ac49b8bb5dfdbdc10d02f0962f5c30d4b952605e98048a4f41d
349,d8e2729669e98ffc3f3cce5728de32002cf34b0a17ffc3d6bf5b90e14d393305
350,f69f6468c3165d15b47507303d9a170b95a1b12d3321ed6b3ee6c52447dd4929
351,5a4aa94718c2057e250bdad53a684ba1b91185b8197879ca77a0639be06fd99c
352,62fb42d2c5db2a19eaf5efcb514183c13a007339e31628b1fd50ef1270337a88
353,d1342d62d37d90684ab838587e5b7432217d8727aef4bb29c4157cd7b39e3d56
354,f250609c9598653fb372a455b71f1b6032c98a2899436e63b91291c18e770bbf
355,005e234b4963bb07de48a96d6a318104f19191bdee52b2961d1c669ac28b42db
356,2a6c4599c430540b7ac38988b2c32d145a8d93daf41087b3921c4d9a93c7ef44
357,8d799dcce8e5ae537e5c8a397431b8c5e7ee256173d25f3bc08d4016443c64de
358,d225efdc19e637a8bf539edd74ce8dd33f82f559d26311eb5e435569c0c442aa
359,8a6f6cc1f8f9874871e51d4d88e512e8d1fc6a4710cdc6266bc6411205558d5b
360,4f51528a6dbffc1203223105790fe3514ebd7d2910cad3cc833a8a5d61a25f8a
361,e6e981127b1fdeb558ee8d84fb26af48c3329afbb7f061641ceba3f4374b8202
362,31228deeb38a0044e63bd882fa4f00080156d8e896f729a854298d2629a58428
363,a43a94fed44bc8bf078845fe04cbc80857bf7e0cf5300c8466a6c9f32d1552cf
364,de9ca2c296dd772f0a213308eb1834e61eb5fe8630d950db2ad1946c239616ba
365,2e5184a14ac33b769db7ae8b584e85c889a13ea21b5b5800f06ad14f877f9f4d
366,0ac4a7925c6a46fa942854ad093d890e21fb57e773f83e8a97fb1d70d08ce218
367,5bd9f611bf854e3c87a230e204819f078da39a04afc450e747886e61428ab1a1
368,5cd80f19e8c85829a3a9c0e3ff5b8883297b4b847212fb766890bd342f7fa960
369,e280a6140e55b2361d624d37e5bebbd38ea49087cff4ed5c8545486b6b552380
370,903767111ead25b09fea0be8b8492da5f37dc14e76c8637b7c6a885c29d02953
371,fd108cb7c685f81fcba1341cb1ff5c2e13a8d93c3f9bf83b80022b3fd1c1bffb
372,12a1156f1e1d9e1366aabfae4845973d4bb87f5f77613782363685db893ab0c8
373,eeb3caffc3e3e2e8970f96cd759d8271055546f32aaaa0f14f11aaf990a94760
374,52c40bdf1047ea111a90e22a37b1e70a61ba862b98aa3129bd1c444df0b81611
375,e2b692e5b25257ee30ef0678a17de8429d5831b68f6c3076495550bfbfa52446
376,d5aac56c30c0c7acb283e22e9c61ae59c8a76decd04c00d2bb016477198ad410
377,14b05e6e35271ca2c75bcc25e54124d985bd59f329d114fc943468f8c20de778
378,5853864c755271b622d560e7c8a328187d84567bf142d0bc4499d2ce58aa27a4
379,1f5d3a8c7fcaf95e840337ce19e3b37affb423ef6ff28cbecf3416f6c9d1dcd4
380,a18ddb05dd880744a719416bf992ba4aba99a6ccbee19f75fd7cfd2645239a98
381,4303eced82a3a77d69d0b615dd38635b94711e992a95ffbc3b0ee3555348876c
382,a7b3ac8762a0c3284bb1e7c54696989f5325d7159b9265518a0f2c1f4e2ac625
383,793c0d4fe9243167667f954836a2fda29294e676e85fbb5d778424cd6f3d8290
384,b510dafe29f1346ebeebaba5a22ee858d9705ac33402f96e798eb20cc95aedd8
